user,mean_login_hour,std_login_hour,mean_logout_hour,mean_session_duration,total_logins,failed_logins,failed_login_ratio,weekend_logins,after_hours_logins,unique_locations,suspicious_locations,files_per_day,total_file_accesses,classified_access_count,classified_access_ratio,file_downloads,file_deletions,file_copies,total_bytes_file,mean_bytes_file,unique_files_accessed,out_of_session_access,out_of_session_ratio,usb_events,usb_per_day,total_bytes_usb,mean_usb_duration,max_bytes_usb,emails_per_day,total_emails,external_emails,external_email_ratio,emails_with_attachment,total_attachment_bytes,total_network_events,total_bytes_sent,total_bytes_received,mean_bytes_sent,unique_dst_ips,unique_dst_ports,port_scans,suspicious_geo_connections,ssh_ftp_connections,vpn_sessions,vpn_total_upload,vpn_total_download,vpn_suspicious_geo,total_processes,suspicious_processes,suspicious_process_ratio,mean_cpu,max_memory
EMP-1001,9.045454545454545,0.6184799774588362,17.015151515151516,7.9742424242424255,66,2,0.029411764705882353,3,0,1,0,4.067415730337078,362,19,0.052486187845303865,76,8,43,2792522639,7714150.936464088,43,76,0.76,31,0.34831460674157305,3066238695,81.48387096774194,470603539,3.0,267,23,0.08614232209737828,70,343757338,543,2792083224,13691615453,5141958.055248619,259,65,0,55,26,39,10500090417,36720198887,0,283,10,0.0353356890459364,51.54840989399293,4092.6
EMP-1002,8.954545454545455,0.6428737926581806,17.151515151515152,8.185151515151516,66,2,0.029411764705882353,3,0,1,0,3.438202247191011,306,8,0.026143790849673203,37,7,47,2305248281,7533491.114379085,37,72,0.72,12,0.1348314606741573,1623422379,79.66666666666667,472441663,2.5730337078651684,229,20,0.08733624454148471,54,296547245,576,2772745680,14276781392,4813794.583333333,252,64,0,53,30,36,9048040445,28495937282,0,352,17,0.048295454545454544,47.61960227272727,4088.6
EMP-1003,8.969696969696969,0.6786796450506384,16.803030303030305,7.822424242424242,66,0,0.0,1,0,1,0,3.764044943820225,335,10,0.029850746268656716,45,14,37,2252878588,6725010.710447761,40,75,0.75,17,0.19101123595505617,1445903696,87.0,457146969,2.808988764044944,250,12,0.048,54,262850764,587,2892836417,14397269119,4928171.0681431005,254,73,0,43,44,27,6822159323,29275650045,4,324,13,0.040123456790123455,50.83641975308642,4086.9
EMP-1004,8.090909090909092,0.6499058565497179,15.666666666666666,7.600454545454546,66,0,0.0,1,0,1,0,3.842696629213483,342,12,0.03508771929824561,51,6,36,2240864566,6552235.573099415,39,83,0.83,17,0.19101123595505617,2486907012,89.70588235294117,436651833,2.955056179775281,263,21,0.07984790874524715,71,463578071,519,2620319955,13022464584,5048786.040462428,244,66,0,39,25,40,9956086772,42816488307,3,311,13,0.04180064308681672,50.80868167202573,4094.6
EMP-1005,9.063492063492063,0.6689668460133342,17.238095238095237,8.17095238095238,63,3,0.045454545454545456,1,0,1,0,3.49438202247191,311,70,0.22508038585209003,50,9,38,2294323613,7377246.344051447,54,81,0.81,19,0.21348314606741572,1507652844,76.84210526315789,460403684,2.808988764044944,250,24,0.096,60,335712346,590,2828354855,14992951292,4793821.788135593,266,70,0,37,39,43,9648874360,40801461529,0,308,16,0.05194805194805195,50.20811688311688,4092.2
EMP-1006,8.0,0.6324555320336759,15.909090909090908,7.881969696969696,66,2,0.029411764705882353,2,0,1,0,3.9213483146067416,349,88,0.2521489971346705,50,11,36,2269246450,6502138.8252149,52,79,0.79,19,0.21348314606741572,1842659487,97.63157894736842,496488217,2.9101123595505616,259,29,0.11196911196911197,55,495090770,594,3030396411,15048391532,5101677.45959596,264,72,0,57,35,42,11595585443,42923494790,3,296,10,0.033783783783783786,52.30304054054054,4079.4
EMP-1007,7.942857142857143,0.6996005959037055,15.885714285714286,7.939142857142856,70,1,0.014084507042253521,6,0,1,0,3.842696629213483,342,88,0.2573099415204678,43,7,49,2407231322,7038688.076023391,54,64,0.64,20,0.2247191011235955,1947234992,93.95,403255025,2.662921348314607,237,13,0.05485232067510549,55,348840351,573,2970584978,14205345135,5184266.977312391,245,71,0,51,32,27,5791705067,24100769880,2,314,16,0.050955414012738856,47.42165605095541,4083.5
EMP-1008,8.878787878787879,0.6909336273400488,16.803030303030305,7.836060606060605,66,1,0.014925373134328358,2,0,1,0,3.707865168539326,330,86,0.2606060606060606,46,10,35,2209184995,6694499.984848484,54,79,0.79,14,0.15730337078651685,1135188152,84.71428571428571,373601005,3.0786516853932584,274,17,0.06204379562043796,70,722413801,592,2800629339,14389375669,4730792.802364865,262,74,0,52,25,41,11303658605,40346366730,1,317,7,0.022082018927444796,49.26340694006309,4084.2
EMP-1009,7.015625,0.6544642180428298,15.140625,8.18046875,64,5,0.07246376811594203,3,0,1,0,3.550561797752809,316,15,0.04746835443037975,44,8,34,2192569616,6938511.443037975,45,77,0.77,17,0.19101123595505617,1306700162,92.41176470588235,453946611,2.8202247191011236,251,22,0.08764940239043825,58,350475784,606,2924972010,15557374304,4826686.485148515,260,61,0,49,37,31,6878034883,33592122991,1,311,11,0.03536977491961415,49.28135048231511,4066.9
EMP-1010,10.088235294117647,0.7675371373706915,18.0,7.96529411764706,68,0,0.0,3,0,1,0,3.9213483146067416,349,14,0.04011461318051576,55,11,49,2674790665,7664156.633237822,39,76,0.76,14,0.15730337078651685,2121427498,83.57142857142857,499855239,2.7865168539325844,248,19,0.07661290322580645,67,371562689,566,2805244889,13982697585,4956263.054770318,260,64,0,50,34,29,7989513340,25673660914,1,307,15,0.048859934853420196,50.53745928338762,4074.9
EMP-1011,7.046153846153846,0.623266827660143,15.046153846153846,7.944153846153847,65,2,0.029850746268656716,2,0,1,0,3.550561797752809,316,18,0.056962025316455694,49,2,52,2482452007,7855860.78164557,44,73,0.73,22,0.24719101123595505,2602019515,103.63636363636364,443901826,2.7752808988764044,247,22,0.08906882591093117,51,282028135,570,2878660927,13855752434,5050282.328070176,256,64,0,50,38,33,8616694881,34920956764,1,294,10,0.034013605442176874,51.247959183673466,4064.1
EMP-1012,7.0,0.7385489458759964,15.029850746268657,8.111492537313433,67,2,0.028985507246376812,4,1,1,0,8.438202247191011,751,213,0.2836218375499334,53,417,42,2219897096,2955921.5659121173,50,85,0.85,21,0.23595505617977527,2809496719,99.38095238095238,497575733,2.7865168539325844,248,22,0.08870967741935484,62,443422834,612,2943512113,14628159654,4809660.315359477,268,85,0,47,38,26,7133228416,24640931762,1,486,163,0.33539094650205764,57.88724279835391,4083.7
EMP-1013,6.907692307692308,0.630552260995196,14.923076923076923,8.046307692307694,65,2,0.029850746268656716,2,1,1,0,3.932584269662921,350,13,0.037142857142857144,45,16,60,2820904626,8059727.502857143,40,75,0.75,17,0.19101123595505617,1509110417,107.70588235294117,481297216,2.4831460674157304,221,21,0.09502262443438914,58,360382931,575,2822489550,13765848934,4908677.478260869,261,61,0,45,23,31,8091272607,29513516121,2,316,7,0.022151898734177215,50.91170886075949,4056.8
EMP-1014,7.0,0.770551750371122,14.584615384615384,7.590461538461538,65,1,0.015151515151515152,1,1,1,0,3.5842696629213484,319,17,0.05329153605015674,44,15,55,2625814720,8231394.106583072,41,76,0.76,16,0.1797752808988764,1991246095,109.375,367078104,3.146067415730337,280,17,0.060714285714285714,60,415147329,610,3088002614,15735408187,5062299.367213115,266,80,0,51,37,41,9354314526,36335799873,1,320,12,0.0375,49.915,4086.3
EMP-1015,7.970149253731344,0.6022721939186769,15.791044776119403,7.835820895522386,67,0,0.0,2,0,1,0,3.640449438202247,324,83,0.25617283950617287,52,11,37,2429194054,7497512.512345679,54,72,0.72,19,0.21348314606741572,1809251255,97.36842105263158,373127864,2.741573033707865,244,16,0.06557377049180328,61,352855021,598,3014424920,15128355353,5040844.347826087,256,67,0,44,39,33,7473718455,30813738012,2,350,7,0.02,49.48857142857144,4092.5
EMP-1016,9.014705882352942,0.55965466587844,17.279411764705884,8.261176470588234,68,2,0.02857142857142857,4,0,1,0,3.752808988764045,334,85,0.25449101796407186,59,7,41,2681296751,8027834.583832336,54,61,0.61,18,0.20224719101123595,2383724936,104.16666666666667,498101903,2.808988764044944,250,20,0.08,58,340425551,620,3223409151,15812018134,5199047.017741935,268,80,0,45,46,39,8474349149,39467880236,2,309,11,0.03559870550161812,47.955016181229766,4057.9
EMP-1017,7.123076923076923,0.5996794015266695,15.261538461538462,8.151538461538461,65,4,0.057971014492753624,4,0,1,0,3.6853932584269664,328,87,0.2652439024390244,44,14,34,2058258018,6275176.884146341,55,73,0.73,24,0.2696629213483146,2262229930,110.95833333333333,469997840,2.741573033707865,244,27,0.11065573770491803,55,385865264,628,3104823756,15611476848,4943986.872611465,271,85,0,52,47,33,8136599248,34613514306,2,302,15,0.04966887417218543,50.21092715231788,4090.7
EMP-1018,7.0606060606060606,0.6989836110940576,14.742424242424242,7.766969696969697,66,1,0.014925373134328358,2,2,1,0,12.292134831460674,1094,830,0.7586837294332724,301,6,289,14145859647,12930401.871115174,55,55,0.55,18,0.20224719101123595,1535434430,101.94444444444444,494604246,4.853932584269663,432,203,0.4699074074074074,229,5149474857,558,2720468228,14720868620,4875391.089605735,249,68,0,44,32,30,7330336296,24744254442,0,313,11,0.03514376996805112,50.8370607028754,4095.4
EMP-1019,7.985074626865671,0.563875585714288,16.35820895522388,8.313880597014927,67,0,0.0,2,0,1,0,3.9101123595505616,348,17,0.04885057471264368,50,12,43,2365116268,6796311.114942528,43,72,0.72,14,0.15730337078651685,417331930,89.57142857142857,266299883,3.0,267,22,0.08239700374531835,57,313432026,565,2731698147,14036113529,4834863.9769911505,270,80,0,52,35,30,7886835807,31067194897,2,341,15,0.04398826979472141,49.88680351906158,4092.8
EMP-1020,7.115942028985507,0.5566769018564797,15.434782608695652,8.375942028985506,69,1,0.014285714285714285,4,0,1,0,3.606741573033708,321,6,0.018691588785046728,47,10,36,2296787200,7155100.31152648,36,71,0.71,15,0.16853932584269662,2423378733,112.53333333333333,481894688,2.797752808988764,249,19,0.07630522088353414,53,306981181,583,2955251359,13886962272,5069041.782161235,253,75,0,40,27,34,8225983156,32481186620,2,304,9,0.029605263157894735,47.69671052631579,4072.7
EMP-1021,6.924242424242424,0.7298178078356492,15.393939393939394,8.413939393939394,66,0,0.0,1,1,1,0,3.449438202247191,307,10,0.03257328990228013,47,5,38,2119534362,6904020.723127035,39,71,0.71,9,0.10112359550561797,888376913,118.0,297565324,2.943820224719101,262,24,0.0916030534351145,67,522790827,558,2821381590,14468215648,5056239.40860215,258,76,0,41,40,39,10781563537,47064069897,0,318,10,0.031446540880503145,46.25534591194969,4060.8
EMP-1022,8.044117647058824,0.6092281274906177,15.985294117647058,7.969264705882354,68,1,0.014492753623188406,4,0,1,0,3.7191011235955056,331,14,0.04229607250755287,47,14,40,2395093577,7235932.256797583,42,79,0.79,17,0.19101123595505617,866225006,100.3529411764706,489421944,3.0,267,21,0.07865168539325842,68,459560224,582,3004346411,14370443523,5162107.235395189,257,77,0,50,28,38,9331278554,40421049287,1,320,14,0.04375,50.7475,4085.0
EMP-1023,7.444444444444445,4.3127717305695645,13.283950617283951,7.02037037037037,81,58,0.4172661870503597,8,13,5,66,3.8202247191011236,340,18,0.052941176470588235,44,2,45,2181944356,6417483.4,45,74,0.74,14,0.15730337078651685,908486445,85.28571428571429,307026432,2.752808988764045,245,15,0.061224489795918366,72,438381968,587,2948719973,14476561137,5023373.037478705,258,86,0,50,29,40,12840359620,50016430007,6,317,8,0.025236593059936908,48.69116719242902,4057.4
EMP-1024,8.09375,0.6835655819026473,16.671875,8.580156249999998,64,5,0.07246376811594203,4,0,1,0,3.966292134831461,353,20,0.056657223796033995,53,10,47,2675542502,7579440.515580736,42,82,0.82,12,0.1348314606741573,1486961851,57.25,462156331,2.764044943820225,246,17,0.06910569105691057,62,429781087,571,2742616107,14425658560,4803180.572679509,259,76,0,43,37,35,7471963980,34381728766,3,311,12,0.03858520900321544,52.40739549839228,4064.6
EMP-1025,10.076923076923077,0.6448762552733545,17.784615384615385,7.727846153846154,65,1,0.015151515151515152,1,0,1,0,3.741573033707865,333,73,0.21921921921921922,52,10,49,2773356906,8328399.117117117,54,77,0.77,15,0.16853932584269662,1637406035,91.4,453599454,3.157303370786517,281,17,0.060498220640569395,70,428504515,569,2869053465,14540763672,5042273.224956064,260,76,0,42,35,27,5628250580,27181519983,0,293,10,0.034129692832764506,49.2542662116041,4092.2
EMP-1026,6.878787878787879,0.5952414252321105,14.833333333333334,7.932272727272727,66,1,0.014925373134328358,2,1,1,0,6.550561797752809,583,356,0.6106346483704974,153,17,164,8669994484,14871345.598627787,55,83,0.83,26,0.29213483146067415,15367111625,84.92307692307692,3745517653,2.662921348314607,237,20,0.08438818565400844,56,367760034,591,10371968205,13758396025,17549861.59898477,285,66,0,77,49,40,11120631887,35475910925,1,320,18,0.05625,49.5453125,4092.8
EMP-1027,8.061538461538461,0.6092239704360344,16.26153846153846,8.288615384615387,65,3,0.04411764705882353,3,0,1,0,3.6741573033707864,327,74,0.22629969418960244,44,10,46,2477560184,7576636.648318043,54,68,0.68,12,0.1348314606741573,653039003,90.41666666666667,395492490,2.696629213483146,240,23,0.09583333333333334,59,372063952,585,2844855816,14850862215,4863001.394871795,263,82,0,59,36,33,6705763529,35365938415,1,320,15,0.046875,49.99249999999999,4061.2
EMP-1028,7.044776119402985,0.7056661546689901,15.014925373134329,8.010746268656717,67,1,0.014705882352941176,3,1,1,0,3.5730337078651684,318,75,0.2358490566037736,48,9,33,1897248830,5966191.289308176,54,80,0.8,19,0.21348314606741572,2357055024,67.42105263157895,494694191,2.9101123595505616,259,27,0.10424710424710425,60,299069848,595,2974563153,15161945598,4999265.803361344,258,75,0,46,36,29,5693180466,33041651548,1,315,15,0.047619047619047616,49.80253968253968,4094.1
EMP-1029,8.84375,0.695079075095,16.8125,7.8984375,64,2,0.030303030303030304,1,0,1,0,3.7752808988764044,336,9,0.026785714285714284,50,13,37,2137736884,6362312.154761905,37,68,0.68,23,0.25842696629213485,1180076146,77.08695652173913,460930409,2.651685393258427,236,9,0.038135593220338986,69,375365574,620,3147331029,15818920639,5076340.3693548385,257,82,0,55,25,42,10168406488,34213510836,1,292,12,0.0410958904109589,50.922602739726024,4076.7
EMP-1030,8.954545454545455,0.6428737926581806,17.060606060606062,8.06,66,0,0.0,1,0,1,0,12.415730337078651,1105,771,0.6977375565610859,297,15,300,14025133145,12692428.185520362,48,36,0.36,21,0.23595505617977527,2398913927,88.47619047619048,464294534,4.898876404494382,436,193,0.4426605504587156,241,5159499513,576,2861649931,14320301953,4968142.241319444,252,68,0,47,28,40,10941040165,40641587105,2,283,6,0.02120141342756184,52.13639575971731,4086.8
EMP-1031,8.071428571428571,0.6213922789906823,16.1,7.993000000000001,70,1,0.014084507042253521,6,0,1,0,3.640449438202247,324,9,0.027777777777777776,40,9,35,1836455580,5668072.777777778,38,79,0.79,23,0.25842696629213485,863842016,108.21739130434783,465577850,2.9775280898876404,265,21,0.07924528301886792,72,567832883,590,3069464872,14710878743,5202482.833898305,256,65,0,62,40,36,9355019025,35993106657,2,284,10,0.035211267605633804,49.47816901408451,4050.4
EMP-1032,9.043478260869565,0.6737686504827912,17.144927536231883,8.076666666666668,69,2,0.028169014084507043,6,0,1,0,12.235955056179776,1089,764,0.7015610651974288,306,6,308,14234676393,13071328.184573002,49,37,0.37,20,0.2247191011235955,2357659731,94.9,437973519,4.831460674157303,430,197,0.45813953488372094,224,5327446620,569,2866832738,14417717455,5038370.365553603,262,87,0,62,32,28,7667297202,29128848489,2,317,9,0.028391167192429023,49.250473186119876,4095.2
EMP-1033,6.921875,0.6499007860789459,14.890625,7.98859375,64,3,0.04477611940298507,2,0,1,0,14.101123595505618,1255,932,0.7426294820717132,958,12,39,17845467552,14219496.057370517,51,61,0.61,18,0.20224719101123595,1371382593,81.33333333333333,490540367,6.247191011235955,556,318,0.5719424460431655,354,5018463131,563,2818186062,13749533438,5005659.079928952,253,70,0,48,30,36,7578391640,35217526369,2,328,23,0.0701219512195122,50.78780487804878,4094.8
EMP-1034,9.123076923076923,0.7182376936748618,17.29230769230769,8.183692307692308,65,0,0.0,0,0,1,0,3.5168539325842696,313,12,0.038338658146964855,37,19,48,2114841882,6756683.329073482,39,71,0.71,15,0.16853932584269662,1308445928,78.13333333333334,396392384,2.662921348314607,237,26,0.10970464135021098,45,277655665,596,3077874708,14749583674,5164219.308724832,251,76,0,44,34,38,8634846528,34276568756,1,283,14,0.04946996466431095,49.25971731448763,4084.1
EMP-1035,8.096774193548388,0.5925681096456433,16.177419354838708,8.182096774193548,62,4,0.06060606060606061,1,0,1,0,3.966292134831461,353,81,0.22946175637393768,58,11,49,2506041872,7099268.759206799,55,76,0.76,13,0.14606741573033707,1333573442,100.15384615384616,419387224,2.898876404494382,258,29,0.1124031007751938,66,379633466,582,2863725378,14739455490,4920490.340206185,251,68,0,50,32,44,12837239759,37882073884,1,307,14,0.04560260586319218,46.97947882736157,4082.2
EMP-1036,8.073529411764707,0.554928433481486,16.294117647058822,8.221323529411764,68,1,0.014492753623188406,4,0,1,0,3.7865168539325844,337,75,0.22255192878338279,46,10,35,2115058860,6276139.050445104,54,75,0.75,10,0.11235955056179775,569499688,47.0,295786928,2.8202247191011236,251,19,0.07569721115537849,67,472378448,607,3068712381,15420883607,5055539.342668863,267,76,0,67,31,36,10243077939,35477502276,0,315,12,0.0380952380952381,49.09650793650793,4085.1
EMP-1037,6.985294117647059,0.6346381518987639,14.897058823529411,7.8573529411764715,68,1,0.014492753623188406,4,0,1,0,3.707865168539326,330,76,0.23030303030303031,58,7,33,2587354757,7840468.960606061,55,76,0.76,22,0.24719101123595505,1584178552,77.04545454545455,484225953,2.50561797752809,223,13,0.05829596412556054,49,303825558,596,2818713931,14798902821,4729385.790268457,262,72,0,56,27,39,9608444903,41718992542,1,319,12,0.03761755485893417,51.29373040752351,4089.7
EMP-1038,9.927536231884059,0.6927957126045452,17.942028985507246,7.9537681159420295,69,0,0.0,4,0,1,0,3.6853932584269664,328,77,0.2347560975609756,43,9,34,2016046358,6146482.798780488,54,78,0.78,16,0.1797752808988764,1973895425,106.875,487385299,2.943820224719101,262,18,0.06870229007633588,61,261431384,546,2828841470,13225440529,5181028.333333333,253,82,0,40,39,44,11210890426,37604736326,1,331,12,0.03625377643504532,50.241993957703926,4092.9
EMP-1039,10.119402985074627,0.6401322794098651,17.746268656716417,7.696716417910449,67,0,0.0,2,0,1,0,3.853932584269663,343,12,0.03498542274052478,44,4,45,2258958007,6585883.402332362,39,70,0.7,19,0.21348314606741572,1240709112,91.42105263157895,483715961,3.134831460674157,279,26,0.0931899641577061,60,319735203,612,3108720475,15774736158,5079608.619281046,256,86,0,53,30,40,7391229188,40374813706,2,331,10,0.030211480362537766,49.94803625377643,4084.0
EMP-1040,9.985074626865671,0.6851794127670379,17.83582089552239,7.832089552238804,67,2,0.028985507246376812,4,0,1,0,3.966292134831461,353,12,0.0339943342776204,52,6,49,2494830459,7067508.382436261,40,76,0.76,17,0.19101123595505617,2051673642,91.76470588235294,401885887,3.0112359550561796,268,15,0.055970149253731345,59,308604697,567,2765960550,14033062034,4878237.301587301,251,73,0,46,37,24,5297394907,26925426910,1,292,13,0.04452054794520548,51.27054794520548,4086.5
EMP-1041,7.153846153846154,0.7337993857053429,14.846153846153847,7.700923076923076,65,2,0.029850746268656716,2,0,1,0,3.404494382022472,303,12,0.039603960396039604,44,8,44,2157171399,7119377.554455445,41,68,0.68,18,0.20224719101123595,1897463091,79.77777777777777,474657136,2.393258426966292,213,15,0.07042253521126761,53,504381305,622,3040157117,14815614171,4887712.406752411,270,64,0,47,28,35,7222562403,33877864373,3,332,9,0.02710843373493976,50.244879518072295,4091.0
EMP-1042,8.911764705882353,0.6403192794467892,17.308823529411764,8.369558823529411,68,1,0.014492753623188406,4,0,1,0,3.6853932584269664,328,15,0.04573170731707317,59,10,38,2230660022,6800792.75,43,76,0.76,17,0.19101123595505617,2557804809,100.05882352941177,470927048,3.0,267,32,0.1198501872659176,54,390240598,587,3051767701,14802655830,5198922.829642248,250,73,0,41,28,25,6919210678,27909164421,1,350,13,0.037142857142857144,48.355142857142866,4092.9
EMP-1043,9.925373134328359,0.5590422772493582,18.029850746268657,8.103283582089553,67,0,0.0,2,0,1,0,3.6741573033707864,327,15,0.045871559633027525,47,11,39,2151249622,6578745.021406728,40,80,0.8,17,0.19101123595505617,1141589416,79.6470588235294,361998335,2.752808988764045,245,20,0.08163265306122448,62,379213005,610,3062542476,15188271635,5020561.436065574,261,70,0,53,35,27,6141709486,19442654738,0,287,12,0.041811846689895474,53.229268292682924,4064.0
EMP-1044,8.0,0.5590169943749475,16.26153846153846,8.330923076923078,65,2,0.029850746268656716,2,0,1,0,3.662921348314607,326,10,0.03067484662576687,50,11,36,2213379254,6789506.91411043,39,81,0.81,12,0.1348314606741573,1320812807,69.0,484159769,2.943820224719101,262,21,0.08015267175572519,52,292446739,619,3117134462,15213860065,5035758.42003231,264,76,0,42,38,37,10635887272,31996926352,1,321,19,0.059190031152647975,48.216822429906536,4089.7
EMP-1045,9.061538461538461,0.7043818894277778,17.138461538461538,8.161384615384618,65,3,0.04411764705882353,3,0,1,0,3.741573033707865,333,89,0.2672672672672673,55,8,45,2372761429,7125409.696696697,55,81,0.81,10,0.11235955056179775,345722022,86.5,284205927,2.966292134831461,264,22,0.08333333333333333,57,368229810,655,3329250754,17233380382,5082825.578625954,260,80,0,54,39,32,8056348863,31775117614,0,310,16,0.05161290322580645,49.111612903225804,4066.9
EMP-1046,9.925373134328359,0.6108472217815262,18.16417910447761,8.184626865671643,67,2,0.028985507246376812,4,0,1,0,3.8876404494382024,346,82,0.23699421965317918,44,11,47,2285977929,6606872.62716763,55,80,0.8,18,0.20224719101123595,1960459018,84.66666666666667,422306475,3.269662921348315,291,17,0.058419243986254296,70,474580361,608,3052254789,15225623813,5020155.902960527,264,80,0,41,35,34,9393123097,32131275221,0,308,13,0.04220779220779221,48.81850649350649,4094.5
EMP-1047,9.880597014925373,0.6401322794098651,17.73134328358209,7.8583582089552255,67,0,0.0,2,0,1,0,3.752808988764045,334,65,0.19461077844311378,56,9,52,2851846917,8538463.823353294,54,66,0.66,14,0.15730337078651685,2224628429,57.92857142857143,470062995,2.966292134831461,264,15,0.056818181818181816,57,455811332,563,2763698379,14042621828,4908878.11545293,261,64,0,40,34,42,12546332367,44261169262,0,323,10,0.030959752321981424,51.01486068111455,4091.5
EMP-1048,8.014705882352942,0.6800493190811913,16.058823529411764,7.985735294117647,68,2,0.02857142857142857,4,0,1,0,3.550561797752809,316,80,0.25316455696202533,50,9,47,2666132653,8437128.648734177,55,77,0.77,13,0.14606741573033707,2009937984,93.6923076923077,451906562,2.797752808988764,249,27,0.10843373493975904,61,511149931,616,3139128694,14768076941,5095988.139610389,258,87,0,52,32,41,12813619527,43799096850,1,319,11,0.034482758620689655,53.175862068965515,4063.5
EMP-1049,7.940298507462686,0.5187571690610975,16.074626865671643,8.08641791044776,67,1,0.014705882352941176,3,0,1,0,7.550561797752809,672,322,0.4791666666666667,194,11,160,9691760972,14422263.351190476,47,79,0.79,20,0.2247191011235955,14137780785,82.55,3774421922,2.606741573033708,232,12,0.05172413793103448,52,465968689,593,11125486142,14253080916,18761359.430016864,277,86,0,64,63,31,7667668304,33925686722,0,305,12,0.03934426229508197,48.702950819672125,4087.2
EMP-1050,8.042857142857143,0.6468589498763984,15.757142857142858,7.722857142857143,70,0,0.0,5,0,1,0,3.8202247191011236,340,11,0.03235294117647059,58,9,42,2472082763,7270831.655882353,39,79,0.79,16,0.1797752808988764,1823555432,91.4375,485448534,2.662921348314607,237,15,0.06329113924050633,49,218465556,572,2787419464,14571446685,4873110.951048951,259,78,1,37,46,36,9152762610,35967108905,1,292,8,0.0273972602739726,51.644863013698625,4094.0
EMP-1051,8.045454545454545,0.6428737926581806,16.060606060606062,8.031060606060606,66,0,0.0,1,0,1,0,3.865168539325843,344,16,0.046511627906976744,62,12,49,2973571012,8644101.779069768,42,76,0.76,15,0.16853932584269662,2617314785,72.53333333333333,489699581,2.853932584269663,254,16,0.06299212598425197,54,366018055,589,2923234289,15118811963,4963046.331069609,264,60,0,45,28,33,8057866048,35753536787,4,338,10,0.029585798816568046,49.56065088757396,4093.4
EMP-1052,8.914285714285715,0.6077484496515233,16.757142857142856,7.821000000000001,70,0,0.0,5,0,1,0,7.235955056179775,644,327,0.5077639751552795,176,12,154,8916976081,13846236.150621118,48,77,0.77,19,0.21348314606741572,7573628582,83.84210526315789,3096881763,3.0786516853932584,274,11,0.040145985401459854,63,281531688,615,8843324574,15413972958,14379389.551219512,282,79,0,60,60,35,9772705008,30693473064,3,312,15,0.04807692307692308,48.821474358974356,4095.0
EMP-1053,9.953125,0.6529466178136507,17.875,7.9025,64,4,0.058823529411764705,3,0,1,0,3.606741573033708,321,11,0.03426791277258567,47,6,47,2314273647,7209575.224299066,38,67,0.67,13,0.14606741573033707,1261407638,98.15384615384616,453972118,2.853932584269663,254,18,0.07086614173228346,55,419015680,578,2938864188,14677439604,5084540.117647059,260,71,0,44,26,33,8185464058,34054421905,3,304,9,0.029605263157894735,49.52730263157895,4084.6
EMP-1054,8.895522388059701,0.6063884233275945,16.73134328358209,7.779253731343283,67,1,0.014705882352941176,3,0,1,0,3.651685393258427,325,10,0.03076923076923077,41,3,54,2324682001,7152867.695384615,38,76,0.76,15,0.16853932584269662,2336126604,107.33333333333333,454775695,2.8764044943820224,256,19,0.07421875,61,342226210,594,3012345117,14941747184,5071288.075757576,258,82,0,47,36,40,10158601142,35553747087,0,276,13,0.04710144927536232,48.29384057971014,4084.1
EMP-1055,7.0285714285714285,0.658752192668651,15.0,7.937857142857144,70,1,0.014084507042253521,6,0,1,0,3.7191011235955056,331,88,0.26586102719033233,44,10,47,2275198582,6873711.728096677,54,79,0.79,13,0.14606741573033707,893292182,119.0,353258175,2.842696629213483,253,18,0.07114624505928854,54,359013899,623,3280983153,14933998391,5266425.606741573,259,78,0,53,32,31,6625795447,31002898180,1,310,18,0.05806451612903226,48.214516129032255,4087.6
EMP-1056,9.953846153846154,0.6715366992663457,17.892307692307693,7.915230769230769,65,2,0.029850746268656716,1,0,1,0,3.9213483146067416,349,91,0.2607449856733524,51,13,51,2558183786,7330039.501432665,55,81,0.81,14,0.15730337078651685,1991772786,77.57142857142857,491213723,3.0898876404494384,275,18,0.06545454545454546,55,289018415,582,2913424597,14352973242,5005884.187285223,250,64,1,64,41,41,11033534192,44134800371,3,312,9,0.028846153846153848,53.00352564102564,4049.6
EMP-1057,7.046153846153846,0.6944145292701892,15.03076923076923,7.897538461538462,65,2,0.029850746268656716,2,1,1,0,3.842696629213483,342,78,0.22807017543859648,55,7,35,2505312103,7325473.985380117,53,77,0.77,16,0.1797752808988764,1050279829,94.125,370047609,2.6741573033707864,238,17,0.07142857142857142,59,395964723,592,3042806780,15097325757,5139876.317567567,249,86,0,51,33,39,9861556162,42409511212,2,334,12,0.03592814371257485,51.618562874251495,4092.6
EMP-1058,8.088235294117647,0.6632190632814411,15.970588235294118,7.927058823529413,68,1,0.014492753623188406,4,0,1,0,3.752808988764045,334,61,0.18263473053892215,58,12,33,2266338520,6785444.6706586825,55,78,0.78,20,0.2247191011235955,1836595690,92.65,485505320,2.7752808988764044,247,16,0.06477732793522267,60,387745931,573,2764949438,14000720618,4825391.689354275,262,66,0,34,25,40,8809488253,44333683806,1,310,16,0.05161290322580645,48.88645161290322,4085.4
EMP-1059,9.923076923076923,0.6201736729460422,17.984615384615385,7.992615384615385,65,2,0.029850746268656716,1,0,1,0,3.393258426966292,302,16,0.052980132450331126,43,13,35,2004672614,6637988.78807947,43,76,0.76,16,0.1797752808988764,911679386,90.4375,227038874,2.898876404494382,258,15,0.05813953488372093,67,468196484,606,3072962656,15116683896,5070895.471947195,259,81,0,54,37,47,11780911056,43578048241,1,314,13,0.041401273885350316,51.57324840764331,4095.5
EMP-1060,7.044776119402985,0.6613309770752148,14.955223880597014,7.99044776119403,67,1,0.014705882352941176,3,0,1,0,3.831460674157303,341,8,0.02346041055718475,38,6,50,2395043795,7023588.841642229,37,69,0.69,18,0.20224719101123595,1973919965,132.05555555555554,452233570,2.831460674157303,252,21,0.08333333333333333,55,344185455,568,2775044743,13942840025,4885642.1531690145,258,85,0,46,32,34,7773452257,35000048742,0,292,14,0.04794520547945205,49.211301369863016,4078.2
EMP-1061,8.03076923076923,0.6366226995155463,15.907692307692308,7.8618461538461535,65,1,0.015151515151515152,1,0,1,0,4.078651685393258,363,11,0.030303030303030304,65,10,39,2737987119,7542664.239669422,40,77,0.77,13,0.14606741573033707,1862172732,93.0,498058064,2.932584269662921,261,14,0.05363984674329502,58,347106031,605,3007678068,15550085765,4971368.707438016,255,69,0,51,32,34,9823305447,37786013789,0,301,12,0.03986710963455149,49.67607973421927,4091.4
EMP-1062,7.015384615384615,0.6729670239949469,14.8,7.830923076923078,65,4,0.057971014492753624,3,0,1,0,3.5730337078651684,318,19,0.059748427672955975,50,14,32,2370265724,7453665.798742139,43,66,0.66,15,0.16853932584269662,767743726,80.26666666666667,397391138,3.056179775280899,272,19,0.06985294117647059,73,380590817,562,2836184302,13919081643,5046591.284697508,253,84,0,43,27,44,9363361733,42603982176,3,307,10,0.03257328990228013,51.474918566775244,4093.8
EMP-1063,7.184615384615385,0.6096184178521966,15.061538461538461,7.8929230769230765,65,1,0.015151515151515152,1,0,1,0,3.9101123595505616,348,15,0.04310344827586207,55,12,45,2411077770,6928384.3965517245,40,77,0.77,18,0.20224719101123595,3035918012,75.27777777777777,443781879,2.7752808988764044,247,20,0.08097165991902834,52,291257861,578,2900486003,14193733363,5018141.873702422,259,77,0,43,36,42,9610287172,40719111642,2,324,9,0.027777777777777776,49.56419753086419,4093.5
EMP-1064,9.014925373134329,0.6394253412820938,16.71641791044776,7.721940298507464,67,1,0.014705882352941176,2,0,1,0,3.8202247191011236,340,15,0.04411764705882353,50,16,37,1997228311,5874200.914705883,44,77,0.77,14,0.15730337078651685,964534964,85.71428571428571,495052738,2.5168539325842696,224,16,0.07142857142857142,41,155267634,593,2961854478,14842161566,4994695.57841484,257,70,0,63,36,44,10600065656,40406260328,1,324,12,0.037037037037037035,48.84012345679012,4092.0
EMP-1065,7.078125,0.7622999347213605,15.1875,8.04265625,64,3,0.04477611940298507,2,1,1,0,3.752808988764045,334,53,0.15868263473053892,52,16,41,2287300307,6848204.511976048,52,82,0.82,20,0.2247191011235955,1107410169,101.75,400072128,2.797752808988764,249,24,0.0963855421686747,57,505749780,547,2714270984,13390288662,4962104.175502743,256,69,0,37,28,25,6850071478,21408121205,1,302,10,0.033112582781456956,48.22682119205298,4080.1
EMP-1066,8.19047619047619,0.5638903707551802,16.015873015873016,7.850476190476191,63,6,0.08695652173913043,4,0,1,0,3.797752808988764,338,76,0.22485207100591717,55,9,34,2199111821,6506247.99112426,55,69,0.69,12,0.1348314606741573,1359170096,101.91666666666667,426643210,2.764044943820225,246,18,0.07317073170731707,54,345296476,553,2756027840,13695525587,4983775.47920434,254,66,0,44,31,43,10479942772,44423570429,3,339,13,0.038348082595870206,48.91828908554573,4089.2
EMP-1067,9.884057971014492,0.6309710509826704,18.028985507246375,8.138550724637678,69,0,0.0,4,0,1,0,3.5280898876404496,314,71,0.22611464968152867,49,15,36,1932581225,6154717.277070064,55,72,0.72,21,0.23595505617977527,2097411881,82.28571428571429,475940530,3.0112359550561796,268,18,0.06716417910447761,58,515434368,544,2743753243,13423236779,5043664.049632353,253,75,0,50,26,34,6135777739,31761073883,0,325,18,0.055384615384615386,49.92738461538462,4077.5
EMP-1068,8.91304347826087,0.7223151185146152,16.956521739130434,8.062173913043479,69,1,0.014285714285714285,5,0,1,0,4.022471910112359,358,76,0.2122905027932961,61,12,49,2788331444,7788635.318435755,55,73,0.73,30,0.33707865168539325,3141367706,96.0,443527215,2.797752808988764,249,21,0.08433734939759036,50,303646581,639,3266857147,16407345184,5112452.499217527,262,81,0,46,37,41,10625257284,40082314096,1,300,10,0.03333333333333333,49.84033333333334,4070.1
EMP-1069,9.819672131147541,0.7418040334506923,18.0,8.14409836065574,61,5,0.07575757575757576,1,0,1,0,3.6741573033707864,327,8,0.024464831804281346,46,15,35,2085773818,6378513.204892966,36,78,0.78,10,0.11235955056179775,92654651,109.3,92654651,3.1797752808988764,283,23,0.0812720848056537,69,432910004,566,2979142233,14164375743,5263502.178445229,248,68,0,40,32,26,6738423326,28346464112,0,345,13,0.03768115942028986,50.629275362318836,4083.3
EMP-1070,8.923076923076923,0.6686668711812966,16.73846153846154,7.844153846153847,65,3,0.04411764705882353,3,0,1,0,3.662921348314607,326,11,0.03374233128834356,61,5,43,2772141322,8503500.987730062,38,73,0.73,18,0.20224719101123595,1169270063,87.83333333333333,497460065,2.4269662921348316,216,24,0.1111111111111111,58,344896062,600,3014549142,14895586020,5024248.57,264,87,0,57,36,36,9662801085,35298223558,0,342,11,0.03216374269005848,48.6046783625731,4073.3
EMP-1071,8.957142857142857,0.6688886366814535,17.042857142857144,8.033857142857142,70,2,0.027777777777777776,7,0,1,0,3.8202247191011236,340,16,0.047058823529411764,54,11,53,2526102330,7429712.735294118,41,74,0.74,15,0.16853932584269662,1651793097,71.33333333333333,437825407,2.6292134831460676,234,17,0.07264957264957266,57,372185071,567,2888324888,13749459707,5094047.421516755,257,63,0,39,26,37,9552452818,29537022055,0,328,14,0.042682926829268296,48.525609756097566,4079.4
EMP-1072,8.892307692307693,0.5895728571144994,16.96923076923077,7.969230769230769,65,1,0.015151515151515152,1,0,1,0,3.865168539325843,344,10,0.029069767441860465,55,12,47,2625959871,7633604.276162791,38,73,0.73,25,0.2808988764044944,3612579169,77.44,483615072,2.865168539325843,255,23,0.09019607843137255,54,310644340,638,3096755388,15977041970,4853848.570532915,261,80,0,55,35,40,10211816265,39715886092,2,312,17,0.05448717948717949,48.43333333333334,4085.0
EMP-1073,10.101449275362318,0.6674122003554407,18.26086956521739,8.116956521739132,69,1,0.014285714285714285,5,0,1,0,3.404494382022472,303,12,0.039603960396039604,53,5,36,2091685477,6903252.399339934,39,86,0.86,23,0.25842696629213485,3137736830,78.65217391304348,471644590,3.1797752808988764,283,24,0.08480565371024736,59,345288489,598,3007076977,15223343486,5028556.8177257525,257,72,0,52,31,31,7159386793,32169732568,1,306,9,0.029411764705882353,48.78921568627451,4077.6
EMP-1074,8.833333333333334,0.5970010522689693,16.924242424242426,8.024545454545455,66,2,0.029411764705882353,3,0,1,0,3.764044943820225,335,14,0.041791044776119404,58,9,40,2609506472,7789571.558208955,40,75,0.75,20,0.2247191011235955,1985595099,113.1,479680586,3.101123595505618,276,30,0.10869565217391304,58,330952591,572,2804085478,14110898736,4902247.339160839,252,66,0,52,37,38,10213939129,41110556648,1,339,10,0.029498525073746312,50.34159292035399,4088.0
EMP-1075,8.865671641791044,0.6718477999553466,16.925373134328357,7.975671641791046,67,0,0.0,2,0,1,0,3.438202247191011,306,68,0.2222222222222222,54,9,29,1844842778,6028897.9673202615,52,79,0.79,26,0.29213483146067415,2470279697,83.07692307692308,378517346,2.561797752808989,228,15,0.06578947368421052,46,224792289,615,3002873683,15331108291,4882721.4357723575,270,68,0,59,34,29,8259542770,25507079291,1,299,17,0.056856187290969896,50.96421404682275,4093.7
EMP-1076,8.046153846153846,0.6715366992663457,16.215384615384615,8.200153846153848,65,4,0.057971014492753624,4,0,1,0,3.3146067415730336,295,86,0.29152542372881357,37,4,42,1901442539,6445567.928813559,54,73,0.73,14,0.15730337078651685,849173863,73.71428571428571,426793396,2.898876404494382,258,13,0.050387596899224806,52,448980000,634,3104157686,16026258019,4896147.769716089,261,77,0,62,30,46,11448335601,49559635767,0,287,12,0.041811846689895474,53.832055749128926,4084.7
EMP-1077,8.324675324675324,4.206641235630175,13.480519480519481,6.838961038961041,77,54,0.4122137404580153,4,13,5,61,4.0,356,88,0.24719101123595505,56,11,48,2653953370,7454925.196629213,55,76,0.76,15,0.16853932584269662,1071308742,117.06666666666666,439017442,2.7865168539325844,248,11,0.04435483870967742,62,463289554,613,3088739805,15992583763,5038727.251223491,257,76,0,48,22,46,13541980835,62088172866,6,319,13,0.04075235109717868,49.62037617554859,4093.2
EMP-1078,6.878787878787879,0.6909336273400488,14.818181818181818,7.984393939393939,66,0,0.0,1,1,1,0,3.797752808988764,338,82,0.24260355029585798,50,8,31,2264008137,6698248.926035503,54,73,0.73,14,0.15730337078651685,1848977256,86.07142857142857,437987588,2.9775280898876404,265,15,0.05660377358490566,62,412535777,574,2832858546,13911458736,4935293.634146341,254,85,0,41,34,37,7692724088,41405502290,1,306,12,0.0392156862745098,49.54640522875817,4093.3
EMP-1079,9.044776119402986,0.6380091150886702,16.925373134328357,7.910447761194028,67,1,0.014705882352941176,3,0,1,0,4.0,356,16,0.0449438202247191,49,12,45,2412326234,6776197.286516854,42,77,0.77,16,0.1797752808988764,2596725706,93.1875,465652669,2.8764044943820224,256,27,0.10546875,68,544112623,626,3184015377,15608144926,5086286.544728435,258,72,0,67,39,36,8488071708,34532113472,1,286,8,0.027972027972027972,51.76608391608391,4080.3
EMP-1080,6.882352941176471,0.5606342827070462,15.147058823529411,8.199117647058825,68,3,0.04225352112676056,6,0,1,0,3.550561797752809,316,11,0.03481012658227848,42,15,38,2102849373,6654586.623417721,40,69,0.69,18,0.20224719101123595,2102242774,100.16666666666667,410541930,2.7865168539325844,248,24,0.0967741935483871,59,498782740,593,2976907863,14712059543,5020080.713322091,263,88,0,46,38,38,11167462157,32630987212,1,323,15,0.04643962848297214,49.33003095975232,4086.1
EMP-1081,8.911764705882353,0.6403192794467892,17.073529411764707,8.165588235294118,68,3,0.04225352112676056,6,0,1,0,3.5730337078651684,318,11,0.03459119496855346,39,14,31,1615427383,5079960.323899371,39,80,0.8,20,0.2247191011235955,2092876922,102.65,405409186,3.056179775280899,272,21,0.07720588235294118,72,612193413,598,3034244708,14887110351,5073987.806020067,259,72,0,45,45,35,8545772035,34191509390,2,309,18,0.05825242718446602,51.78090614886732,4093.9
EMP-1082,9.984848484848484,0.4801417817021661,18.09090909090909,8.034848484848483,66,2,0.029411764705882353,3,0,1,0,4.056179775280899,361,10,0.027700831024930747,49,10,49,2699531767,7477927.332409972,38,79,0.79,16,0.1797752808988764,1458508097,103.0,472762092,2.898876404494382,258,23,0.08914728682170543,54,333112424,585,2960790828,15017377816,5061180.902564103,250,75,0,40,29,34,7787315909,25238447501,0,315,12,0.0380952380952381,48.581269841269844,4089.8
EMP-1083,7.91044776119403,0.5962342249633436,15.970149253731343,8.110746268656715,67,1,0.014705882352941176,3,0,1,0,3.966292134831461,353,15,0.042492917847025496,50,6,39,2409227382,6825006.747875354,42,77,0.77,17,0.19101123595505617,1452407580,73.58823529411765,354543845,3.1797752808988764,283,12,0.04240282685512368,65,330458403,555,2772710176,14128152377,4995874.190990991,248,69,1,44,23,37,8325229655,39884006689,1,333,9,0.02702702702702703,50.44324324324324,4087.1
EMP-1084,7.0,0.6276459144608478,14.940298507462687,7.998955223880598,67,0,0.0,2,1,1,0,4.269662921348314,380,18,0.04736842105263158,46,12,42,2259442451,5945901.186842105,40,80,0.8,13,0.14606741573033707,1744999028,74.46153846153847,424176488,2.7752808988764044,247,13,0.05263157894736842,62,363253279,634,3145051551,16313875072,4960649.134069401,272,72,0,46,34,35,9121944763,29886995897,0,324,11,0.033950617283950615,46.74104938271605,4082.9
EMP-1085,8.80952380952381,0.6184565298084197,16.571428571428573,7.698730158730159,63,4,0.05970149253731343,2,0,1,0,3.50561797752809,312,66,0.21153846153846154,51,3,39,2293300431,7350321.894230769,52,80,0.8,14,0.15730337078651685,3024328305,102.35714285714286,499487620,2.696629213483146,240,17,0.07083333333333333,65,522568974,562,2776401180,13672288224,4940215.6227758005,254,74,0,47,33,35,8339096386,36494718072,1,267,12,0.0449438202247191,52.85205992509363,4087.6
EMP-1086,8.0,0.6373774391990981,16.046153846153846,8.009384615384615,65,0,0.0,0,0,1,0,3.651685393258427,325,64,0.19692307692307692,48,17,39,2136601352,6574158.006153846,53,82,0.82,19,0.21348314606741572,1702580296,93.15789473684211,481317378,3.146067415730337,280,16,0.05714285714285714,48,355312115,555,2860596897,14095750858,5154228.643243243,248,65,0,45,37,39,10007092811,39141747706,3,333,16,0.04804804804804805,46.53843843843844,4093.3
EMP-1087,8.923076923076923,0.5944454429259127,17.076923076923077,8.11,65,1,0.015151515151515152,1,0,1,0,3.550561797752809,316,84,0.26582278481012656,35,16,38,1908960471,6041014.148734177,55,73,0.73,15,0.16853932584269662,1696432399,98.6,445514031,2.808988764044944,250,11,0.044,52,437267452,570,2835170087,14313166801,4973982.6087719295,261,75,0,43,34,39,10219233815,39799419804,0,318,13,0.040880503144654086,50.10377358490566,4094.9
EMP-1088,10.092307692307692,0.678303880164454,17.83076923076923,7.781692307692307,65,1,0.015151515151515152,1,0,1,0,3.831460674157303,341,85,0.24926686217008798,53,17,30,2403464700,7048283.57771261,54,80,0.8,22,0.24719101123595505,1467344376,96.0,499752668,2.696629213483146,240,16,0.06666666666666667,44,338523409,585,2991809060,14475143156,5114203.521367521,258,67,0,53,40,38,8659070057,41558534849,3,312,14,0.04487179487179487,48.67115384615384,4042.6
EMP-1089,8.029850746268657,0.6022721939186769,16.0,8.007611940298508,67,1,0.014705882352941176,2,0,1,0,4.101123595505618,365,12,0.03287671232876712,64,9,44,2748370753,7529782.884931507,41,71,0.71,15,0.16853932584269662,2368163959,82.8,490215441,2.966292134831461,264,18,0.06818181818181818,45,249457802,563,2804147474,14518441668,4980723.754884547,250,93,0,42,33,38,9897076041,42940389178,0,309,7,0.022653721682847898,48.93268608414238,4090.4
EMP-1090,10.059701492537313,0.547185554227553,18.08955223880597,8.026716417910448,67,2,0.028985507246376812,4,0,1,0,3.550561797752809,316,19,0.060126582278481014,41,13,38,2079071866,6579341.348101266,43,77,0.77,18,0.20224719101123595,1843322725,113.22222222222223,379835568,2.696629213483146,240,23,0.09583333333333334,66,364539110,589,2898024953,14755432315,4920246.10016978,257,72,0,46,41,46,11279250616,44813930426,1,307,13,0.04234527687296417,52.10651465798045,4087.7
EMP-1091,9.06060606060606,0.5513281273095941,17.318181818181817,8.272424242424243,66,3,0.043478260869565216,4,0,1,0,3.359550561797753,299,22,0.07357859531772576,43,10,44,2197280123,7348762.953177257,44,80,0.8,16,0.1797752808988764,865001346,86.75,416982246,3.101123595505618,276,24,0.08695652173913043,85,467904630,586,2919733714,14870206513,4982480.740614334,255,75,0,47,41,40,10772116225,37186147153,2,306,19,0.06209150326797386,51.66045751633987,4070.2
EMP-1092,10.03076923076923,0.6115868389186131,18.323076923076922,8.252923076923079,65,0,0.0,0,0,1,0,3.550561797752809,316,12,0.0379746835443038,46,10,48,2405189435,7611358.971518988,38,75,0.75,22,0.24719101123595505,1453998078,79.95454545454545,403553679,2.9775280898876404,265,21,0.07924528301886792,67,366877552,587,2945117107,14786245167,5017235.275979557,256,73,0,36,27,36,9169182293,33689890241,0,284,10,0.035211267605633804,51.764084507042256,4091.7
EMP-1093,6.96969696969697,0.6556194245420356,15.090909090909092,8.063181818181818,66,3,0.043478260869565216,3,0,1,0,3.561797752808989,317,14,0.04416403785488959,52,5,34,2379466952,7506204.895899054,40,68,0.68,18,0.20224719101123595,1043374590,81.0,437572870,2.5280898876404496,225,26,0.11555555555555555,51,250221741,597,2916363602,15040151199,4885031.159128978,261,88,0,66,32,35,7473181184,33922987847,2,320,18,0.05625,50.6490625,4083.7
EMP-1094,10.03125,0.5900968443520823,17.90625,7.8409375,64,3,0.04477611940298507,2,0,1,0,14.247191011235955,1268,927,0.7310725552050473,981,16,36,18723270293,14765986.03548896,50,68,0.68,21,0.23595505617977527,3436262544,82.0,475083048,5.943820224719101,529,308,0.5822306238185255,339,4955160584,580,2965263663,14631421360,5112523.5568965515,261,69,0,39,36,38,9208250010,31775450095,0,347,20,0.05763688760806916,49.91325648414986,4077.3
EMP-1095,7.028985507246377,0.6176572077272793,15.072463768115941,8.083043478260869,69,0,0.0,4,0,1,0,3.730337078651685,332,83,0.25,55,8,37,2243935927,6758843.153614458,54,60,0.6,16,0.1797752808988764,2588025111,93.0,473044972,2.831460674157303,252,20,0.07936507936507936,68,543094265,620,3090758743,15062683368,4985094.746774194,264,80,0,49,32,51,13198418402,46253457040,1,315,6,0.01904761904761905,48.77873015873016,4093.5
EMP-1096,9.970149253731343,0.5765663580756217,18.08955223880597,8.070298507462686,67,2,0.028985507246376812,4,0,1,0,3.797752808988764,338,73,0.21597633136094674,48,11,38,2091569103,6188074.269230769,55,75,0.75,19,0.21348314606741572,1517337753,85.26315789473684,325599361,2.651685393258427,236,10,0.0423728813559322,50,372888627,608,3017926326,15286705742,4963694.615131579,255,85,0,43,33,41,10144590648,38966127519,2,298,14,0.04697986577181208,49.1234899328859,4095.4
EMP-1097,8.955223880597014,0.6838579469029286,16.761194029850746,7.771940298507463,67,1,0.014705882352941176,3,0,1,0,3.2247191011235956,287,69,0.24041811846689895,40,7,35,2015664875,7023222.560975609,55,78,0.78,16,0.1797752808988764,1321941205,93.4375,378786117,3.0224719101123596,269,14,0.05204460966542751,54,320063530,599,2947515498,14875912402,4920727.041736227,265,81,0,55,39,36,8781051728,30807560135,3,349,18,0.05157593123209169,52.710315186246426,4092.0
EMP-1098,8.0,0.5504818825631803,16.567164179104477,8.4444776119403,67,0,0.0,2,0,1,0,8.752808988764045,779,293,0.3761232349165597,46,455,45,2328966996,2989688.05648267,55,88,0.88,15,0.16853932584269662,1010642772,91.73333333333333,343855891,2.842696629213483,253,16,0.06324110671936758,56,389915745,600,2982848813,15385024003,4971414.6883333335,256,76,0,47,41,40,8862918806,38600404437,1,443,159,0.35891647855530473,57.78261851015801,4092.4
EMP-1099,8.893939393939394,0.6108956319973757,16.939393939393938,8.104242424242425,66,1,0.014925373134328358,2,0,1,0,4.033707865168539,359,12,0.033426183844011144,40,14,40,2077712882,5787501.064066852,39,69,0.69,16,0.1797752808988764,1381710329,83.625,400077997,2.932584269662921,261,21,0.08045977011494253,62,436903189,600,2863593236,14639754789,4772655.393333334,259,76,0,56,32,36,8673481667,38569310200,1,316,6,0.0189873417721519,49.902215189873424,4094.7
EMP-1100,10.058823529411764,0.620119221593995,18.235294117647058,8.131617647058823,68,0,0.0,3,0,1,0,3.247191011235955,289,9,0.031141868512110725,41,7,44,2224420979,7696958.404844291,36,69,0.69,14,0.15730337078651685,1132297768,79.64285714285714,463063715,2.7865168539325844,248,16,0.06451612903225806,61,509673585,576,2875965069,14114933571,4992994.911458333,247,76,0,39,31,33,8551513435,34794987708,2,328,10,0.03048780487804878,48.55731707317073,4071.3
